

SET SQL_MODE="NO_AUTO_VALUE_ON_ZERO";
SET time_zone = "+00:00";


/*!40101 SET @OLD_CHARACTER_SET_CLIENT=@@CHARACTER_SET_CLIENT */;
/*!40101 SET @OLD_CHARACTER_SET_RESULTS=@@CHARACTER_SET_RESULTS */;
/*!40101 SET @OLD_COLLATION_CONNECTION=@@COLLATION_CONNECTION */;
/*!40101 SET NAMES utf8 */;

--
-- Base de données: `Formations`
--

-- --------------------------------------------------------

CREATE TABLE IF NOT EXISTS `etablissements` (
  `id_etablissement` varchar(10) DEFAULT NULL,
  `libelle` varchar(30) DEFAULT NULL,
  PRIMARY KEY (`id_etablissement`)
) ENGINE=MyISAM DEFAULT CHARSET=utf8mb4;
INSERT INTO `etablissements` (`id_etablissement`, `libelle`) VALUES
('lg','Etablissement 1'),
('lep','Etablissement 2'),
('la','Etablissement 3');

--
-- Structure de la table `assurer_par`
--

CREATE TABLE IF NOT EXISTS `assurer_par` (
  `id_formation` smallint(6) NOT NULL,
  `id_formateur` smallint(6) NOT NULL,
  `dateform` date NOT NULL DEFAULT '0000-00-00',
  `groupe` smallint(6) NOT NULL DEFAULT '1',
  `nbhseance` smallint(6) DEFAULT '0',
  `numseance` smallint(6) DEFAULT '0',
  `mat_am` enum('mat','am') DEFAULT 'mat',
  `numsalle` varchar(20) DEFAULT NULL,
  PRIMARY KEY (`id_formation`,`id_formateur`,`dateform`,`groupe`),
  KEY `id_formateur` (`id_formateur`)
) ENGINE=MyISAM DEFAULT CHARSET=utf8mb4;

--
-- Contenu de la table `assurer_par`
--

INSERT INTO `assurer_par` (`id_formation`, `id_formateur`, `dateform`, `groupe`, `nbhseance`, `numseance`, `mat_am`, `numsalle`) VALUES
(23, 1, '2004-12-13', 1, 4, 1, 'am', 'e410'),
(23, 1, '2004-12-16', 2, 4, 1, 'am', 'e410'),
(24, 2, '2005-01-13', 2, 4, 1, 'am', 'e410'),
(24, 2, '2005-01-14', 1, 4, 1, '', 'multilycee'),
(25, 5, '2005-01-27', 2, 4, 1, '', 'e410'),
(25, 5, '2005-02-01', 1, 4, 1, '', 'g124'),
(25, 5, '2005-02-03', 2, 4, 2, '', 'e410'),
(25, 5, '2005-02-24', 1, 4, 2, '', 'e410'),
(26, 5, '2005-02-22', 1, 4, 1, '', 'g124'),
(26, 5, '2005-02-24', 2, 4, 1, 'am', 'e410'),
(26, 5, '2005-03-01', 2, 4, 2, 'am', 'e410'),
(26, 5, '2005-03-03', 1, 4, 2, '', 'e410'),
(30, 3, '2005-01-18', 1, 4, 1, 'am', 'e410'),
(30, 3, '2005-01-24', 2, 4, 1, 'am', 'e410'),
(34, 4, '2005-03-08', 2, 4, 1, '', 'g124'),
(34, 4, '2005-03-09', 1, 4, 1, 'am', 'g124'),
(34, 4, '2005-03-21', 1, 4, 2, '', 'g124'),
(34, 4, '2005-03-22', 2, 4, 2, '', 'g124'),
(35, 3, '2005-01-25', 1, 4, 1, 'am', 'e410'),
(35, 3, '2005-01-31', 1, 4, 2, '', 'e410'),
(35, 3, '2005-02-21', 1, 4, 3, 'am', 'e410'),
(37, 4, '2005-04-04', 1, 4, 1, '', 'e203'),
(37, 4, '2005-04-05', 2, 4, 1, '', 'e203'),
(37, 4, '2005-04-25', 1, 4, 2, '', 'e203'),
(37, 4, '2005-04-26', 2, 4, 2, '', 'e203'),
(37, 4, '2005-05-10', 1, 4, 3, '', 'e203'),
(37, 4, '2005-05-11', 2, 4, 3, 'am', 'e203'),
(37, 4, '2005-05-17', 3, 4, 1, '', 'e203'),
(37, 4, '2005-05-24', 3, 4, 2, '', 'e203'),
(37, 4, '2005-05-31', 3, 4, 3, '', 'e203'),
(39, 5, '2005-04-07', 1, 4, 1, '', 'e410'),
(39, 5, '2005-04-07', 2, 4, 1, 'am', 'e410'),
(39, 5, '2005-04-28', 1, 4, 2, 'am', 'e410'),
(39, 5, '2005-04-28', 2, 4, 2, '', 'e410'),
(40, 5, '2005-05-02', 1, 4, 1, '', 'e410'),
(40, 5, '2005-05-02', 2, 4, 1, 'am', 'e410'),
(40, 5, '2005-05-12', 1, 4, 2, 'am', 'e410'),
(40, 5, '2005-05-12', 2, 4, 2, '', 'e410'),
(40, 5, '2005-05-19', 1, 4, 3, '', 'e410'),
(40, 5, '2005-05-19', 2, 4, 3, 'am', 'e410'),
(40, 5, '2005-05-24', 2, 4, 4, 'am', 'e410'),
(40, 5, '2005-05-26', 1, 4, 4, '', 'e410'),
(41, 3, '2005-03-07', 1, 4, 1, 'am', 'g124'),
(41, 3, '2005-03-14', 2, 4, 1, 'am', 'g124'),
(42, 2, '2005-01-06', 1, 4, 1, 'am', 'e410'),
(42, 2, '2005-01-07', 2, 4, 1, '', 'g124');

-- --------------------------------------------------------

--
-- Structure de la table `formateur`
--

CREATE TABLE IF NOT EXISTS `formateur` (
  `id_formateur` int(11) NOT NULL AUTO_INCREMENT,
  `nom` varchar(30) DEFAULT NULL,
  `prenom` varchar(30) DEFAULT NULL,
  PRIMARY KEY (`id_formateur`)
) ENGINE=MyISAM  DEFAULT CHARSET=utf8mb4 AUTO_INCREMENT=6 ;

--
-- Contenu de la table `formateur`
--

INSERT INTO `formateur` (`id_formateur`, `nom`, `prenom`) VALUES
(1, 'LEGRAND', 'Sarah'),
(2, 'CANCEL', 'Christophe'),
(3, 'MAUREL', 'Olivier'),
(4, 'PLEUVERAUX', 'François'),
(5, 'CARMIGNAC', 'Laurent');

-- --------------------------------------------------------

--
-- Structure de la table `formation`
--

CREATE TABLE IF NOT EXISTS `formation` (
  `id_formation` int(11) NOT NULL AUTO_INCREMENT,
  `intitule` text,
  `nbheures` smallint(6) DEFAULT '0',
  `niveau` varchar(50) DEFAULT NULL,
  PRIMARY KEY (`id_formation`)
) ENGINE=MyISAM  DEFAULT CHARSET=utf8mb4 AUTO_INCREMENT=43 ;

--
-- Contenu de la table `formation`
--

INSERT INTO `formation` (`id_formation`, `intitule`, `nbheures`, `niveau`) VALUES
(21, 'Utilisation de l''ordinateur dans l''environnement windows', 0, 'debutant'),
(22, 'Utilisation du réseau', 0, 'debutant'),
(23, 'Formation internet recherche & navigation', 4, 'debutant'),
(24, 'Messagerie electronique via le web ou un client de messagerie (outlook)', 4, 'debutant'),
(25, 'Formation word', 8, 'debutant'),
(26, 'Formation excel', 8, 'debutant'),
(27, 'Présentation des contenus pédagogiques en ligne', 0, 'courant'),
(28, 'Logiciels spécialisés : langues, maths ..', 0, 'courant'),
(30, 'Utilisation pédagogique de iaca et du réseau', 4, 'courant'),
(31, 'Formation word avancée', 8, 'courant'),
(32, 'Formation excel avancée', 8, 'courant'),
(33, 'Formation utilisation de molière (gestion des absences)', 4, 'courant'),
(34, 'Création de supports pédagogiques', 8, 'confirme'),
(35, 'Bases de données (access)', 12, 'confirme'),
(37, 'Initiation à linux', 12, 'confirme'),
(39, 'Développement de pages web statiques et dynamiques (html)', 8, 'confirme'),
(40, 'Développement de pages web statiques et dynamiques (php/mysql)', 16, 'confirme'),
(41, 'Développement de pages web statiques et dynamiques (spip)', 4, 'confirme'),
(42, 'Utilisation du réseau et utilisation de l''ordinateur (windows)', 4, 'debutant');

-- --------------------------------------------------------

--
-- Structure de la table `niveau`
--

CREATE TABLE IF NOT EXISTS `niveau` (
  `niveau` varchar(50) NOT NULL,
  PRIMARY KEY (`niveau`)
) ENGINE=MyISAM DEFAULT CHARSET=utf8mb4;

--
-- Contenu de la table `niveau`
--

INSERT INTO `niveau` (`niveau`) VALUES
('confirme'),
('courant'),
('debutant');

-- --------------------------------------------------------

--
-- Structure de la table `participant`
--

CREATE TABLE IF NOT EXISTS `participant` (
  `id_participant` int(10) unsigned NOT NULL AUTO_INCREMENT,
  `nomunion` varchar(50) DEFAULT NULL,
  `prenom` varchar(50) DEFAULT NULL,
  `nomnaissance` varchar(50) DEFAULT NULL,
  `id_etablissement` varchar(10),
  `numcasier` smallint(6) DEFAULT NULL,
  PRIMARY KEY (`id_participant`)
) ENGINE=MyISAM  DEFAULT CHARSET=utf8mb4 AUTO_INCREMENT=61425 ;

--
-- Contenu de la table `participant`
--

INSERT INTO `participant` (`id_participant`, `nomunion`, `prenom`, `nomnaissance`, `id_etablissement`, `numcasier`) VALUES
(10198, 'HACKER1', '<iframe src=''http://ent.univ-ubs.fr''></iframe>', 'VALLIER', 'lg', NULL),
(10600, 'HACKER2', '<script>alert(''Ton cookie a ete vole'')</script>', 'CALVANELLI', 'lg', NULL),
(11020, 'BARTHELEMY', 'Odile', 'ESCUDIE', 'lg', NULL),
(11633, 'MICHEL', 'Renee', 'BARRASSON', 'lep', NULL),
(12043, 'MARCH', 'Annie', 'CARNUS', 'lg', NULL),
(12170, 'PURPO BLANC', 'Christiane', 'EX LENTINI', 'lg', NULL),
(12330, 'BLATT', 'Jeannine', 'BLATT', 'lg', NULL),
(12337, 'LEONETTI', 'Marie therese', 'LEONETTI', 'lg', NULL),
(12445, 'DUBOIS', 'Claudine', 'BOUCHERAT', 'lg', NULL),
(12456, 'GHIBAUDO', 'Evelyne', 'BASSO', 'lg', NULL),
(12615, 'GUILHEM', 'Nadine', 'BOGELMANN', 'lg', NULL),
(12955, 'KURDOGLIAN', 'Marie anne', 'KURDOGLIAN', 'lg', NULL),
(13073, 'MANIN', 'Anne marie', 'LECURET', 'lg', NULL),
(13150, 'ESPIE', 'Simone', 'TERRAS', 'lg', NULL),
(13167, 'PLISSONNEAU', 'Josette', 'RIEGER', 'lg', NULL),
(13211, 'JOURET', 'Genevieve', 'MARTIN', 'lg', NULL),
(13425, 'POGGIOLI', 'Nicole', 'OUVRY', 'lg', NULL),
(13516, 'MATHIOT', 'Elisabeth', 'RAVEL', 'lg', NULL),
(13677, 'GAUTIER', 'Michele', 'LUCKAS', 'lg', NULL),
(13972, 'JULIEN', 'Helene', 'RAOULX', 'lg', NULL),
(14001, 'MASUREL', 'Christiane', 'RUIZ', 'lep', NULL),
(14186, 'NAHON', 'Josette', 'NAHON', 'lg', NULL),
(14187, 'PLAS', 'Christine', 'MASSE', 'lep', NULL),
(14487, 'TROTMAN', 'Marie hele', 'TROTMAN', 'lg', NULL),
(14732, 'RANCE', 'Martine', 'RANCE', 'lg', NULL),
(14780, 'COHEN', 'Dominique', 'COHEN', 'lg', NULL),
(14879, 'CARLUE', 'Annie', 'CARLUE', 'lg', NULL),
(14899, 'CARIOU', 'Magali', 'PONS', 'lg', NULL),
(14918, 'MARTIN CAZAENTRE', 'Roselyne', 'MARTIN', 'lg', NULL),
(15118, 'GOUDENECHE', 'Monique', 'SIMON', 'lg', NULL),
(15253, 'MOSNIER', 'Annie', 'BESTAGNO', 'lg', NULL),
(15277, 'LE MERRER', 'Joelle', 'LE MERRER', 'lg', NULL),
(15300, 'GOMES', 'Martine', 'GOMES', 'lg', NULL),
(15419, 'TREMELAT', 'Domnine', 'TREMELAT', 'lg', NULL),
(15664, 'BLANCHARD', 'Colette', 'BLANCHARD', 'lep', NULL),
(15763, 'SMER', 'Martine', 'PARIS', 'lg', NULL),
(15792, 'ANTOGNELLI', 'Agnes', 'CROVI', 'lep', NULL),
(16034, 'BAYLE', 'Regine', 'BAYLE', 'lg', NULL),
(16546, 'ZUMTANGWALD', 'Gisele', 'FRIEDRICH', 'lg', NULL),
(16848, 'MIKHTARIAN', 'Claire', 'MAQUIN', 'lep', NULL),
(18142, 'GIROUD', 'Paulette', 'GIROUD', 'lg', NULL),
(18357, 'DAUXIN', 'Nicole', 'DAUXIN', 'lg', NULL),
(18452, 'SOUCHAY', 'Alain', 'SOUCHAY', 'lg', NULL),
(18575, 'REYMOND', 'Bruno', 'REYMOND', 'lep', NULL),
(18812, 'CHARBONNIER', 'Gil', 'CHARBONNIER', 'lg', NULL),
(19064, 'MONTOY', 'Jean pierr', 'MONTOY', 'lep', NULL),
(19268, 'COLOMER', 'Pierre', 'COLOMER', 'lg', NULL),
(19362, 'FENOULHET', 'Marion', 'PONCET', 'lg', NULL),
(19411, 'SMITH', 'Pierre', 'SMITH', 'lg', NULL),
(20467, 'KAMECKI', 'Luce', 'DURIEZ', 'lep', NULL),
(20488, 'CRUZ', 'Alain', 'CRUZ', 'lep', NULL),
(20823, 'PAUL', 'Richard', 'PAUL', 'lep', NULL),
(20855, 'AUBERT', 'Emmanuelle', 'AUBERT', 'lg', NULL),
(20887, 'LORIENTE', 'Pierre', 'LORIENTE', 'lg', NULL),
(21372, 'STRICKER', 'Christian', 'STRICKER', 'lg', NULL),
(21424, 'JACOB CHAMPEAU', 'Marceline', 'CHAMPEAU', 'lg', NULL),
(21435, 'DE BUTLER', 'Pasqualine', 'DE BUTLER', 'lg', NULL),
(21524, 'MATHIEU', 'Jean charles', 'MATHIEU', 'lep', NULL),
(21699, 'KHALED', 'Sandrine', 'NAJAR', 'lg', NULL),
(22235, 'MARTINEZ', 'Antoine', 'MARTINEZ', 'lep', NULL),
(22368, 'DECAUX', 'Jean fred', 'DECAUX', 'lg', NULL),
(22538, 'JAPPERT', 'Pascale', 'HEINRICH', 'lep', NULL),
(22691, 'VANNI', 'Eric', 'VANNI', 'lg', NULL),
(22783, 'GAILHARDOU', 'Corinne', 'GAILHARDOU', 'lep', NULL),
(23072, 'VIAL', 'Alain', 'VIAL', 'lg', NULL),
(23248, 'PELLEGRIN', 'Marie chri', 'PELLEGRIN', 'lg', NULL),
(23314, 'BAZZICONI', 'Jean pierr', 'BAZZICONI', 'lg', NULL),
(23400, 'ROUBIN', 'Jean pierr', 'ROUBIN', 'lg', NULL),
(23647, 'QUEMENEUR', 'Anne', 'QUEMENEUR', 'lg', NULL),
(23754, 'PITZALIS', 'Francoise', 'CHAIX', 'lg', NULL),
(23975, 'RICHARD', 'Anne marie', 'GARCHIER', 'lg', NULL),
(24210, 'RIGAT', 'Pierre', 'RIGAT', 'lg', NULL),
(24451, 'GOMEZ', 'Patrick', 'GOMEZ', 'lep', NULL),
(24457, 'KOMINO', 'Pascal', 'KOMINO', 'lg', NULL),
(24492, 'HENRION', 'Stephane', 'HENRION', 'lep', NULL),
(24889, 'CAMOIN', 'Jean yves', 'CAMOIN', 'lep', NULL),
(24954, 'ROMBI', 'Sophie', 'ROMBI', 'lg', NULL),
(25003, 'MATHIEU', 'Eric', 'MATHIEU', 'lg', NULL),
(25163, 'DANTIN', 'Laurent', 'DANTIN', 'lep', NULL),
(25257, 'MACCHI', 'Genevieve', 'MACCHI', 'lg', NULL),
(25264, 'TAFFIN', 'Francine', 'TAFFIN', 'lg', NULL),
(25378, 'DAVIET', 'Claude', 'DAVIET', 'lg', NULL),
(25537, 'L HEVEDER', 'Jacqueline', 'GUAFFI', 'lg', NULL),
(26330, 'DADOU', 'Yves', 'DADOU', 'lep', NULL),
(26885, 'SOLAL', 'Philippe', 'SOLAL', 'lep', NULL),
(26991, 'DECHAVANNE', 'Isabelle', 'DECHAVANNE', 'lg', NULL),
(27053, 'BERENI', 'Jeanne mar', 'BERENI', 'lg', NULL),
(27057, 'DESBOIS', 'Valerie', 'DESBOIS', 'lg', NULL),
(27110, 'JACQUE SABATIER', 'Francoise', 'SABATIER', 'lg', NULL),
(27210, 'BARTOLI', 'Marie chri', 'CHANUT', 'lg', NULL),
(27503, 'GUILBERT', 'Benoit', 'GUILBERT', 'lg', NULL),
(27615, 'ROUX', 'Herve', 'ROUX', 'lg', NULL),
(27691, 'SAUNIER', 'Karine', 'FARSY', 'lg', NULL),
(28053, 'GIRAUD', 'Thierry', 'GIRAUD', 'lep', NULL),
(28882, 'LUMBROSO', 'Jean pierr', 'LUMBROSO', 'lep', NULL),
(28895, 'SOLLAZZO', 'Gilbert', 'SOLLAZZO', 'lep', NULL),
(28901, 'SCHVAN BONNET', 'Valerie', 'SCHVAN', 'lep', NULL),
(28944, 'BERGERAT', 'Thierry', 'BERGERAT', 'lg', NULL),
(29032, 'MAZERAT', 'Christophe', 'MAZERAT', 'lg', NULL),
(29060, 'COLLET', 'Thierry', 'COLLET', 'lg', NULL),
(29239, 'LE BLANC', 'Pascale', 'LE BLANC', 'lg', NULL),
(29428, 'CASTELAN', 'Didier', 'CASTELAN', 'lg', NULL),
(29464, 'GALLET', 'Gerard', 'GALLET', 'lep', NULL),
(29528, 'ISTRIA', 'Florence', 'ISTRIA', 'lep', NULL),
(2953, 'PIPERAUD', 'Robert', 'PIPERAUD', 'lep', NULL),
(29557, 'HAQUETTE', 'Christophe', 'HAQUETTE', 'lg', NULL),
(29643, 'SANDRI', 'Michel', 'SANDRI', 'lg', NULL),
(30253, 'NEEL', 'Patrick', 'NEEL', 'lg', NULL),
(30279, 'AGARD', 'Herve', 'AGARD', 'lep', NULL),
(32166, 'NICOLAS', 'Odile', 'TESTANIERE', 'lep', NULL),
(32713, 'DUBOIS', 'Jerome', 'DUBOIS', 'lep', NULL),
(32714, 'GROZNER', 'Thierry', 'GROZNER', 'lg', NULL),
(32884, 'BARROS', 'Jose', 'BARROS', 'lg', NULL),
(33971, 'NARDI CADIOU', 'Isabelle', 'NARDI', 'lg', NULL),
(3429, 'BARRET', 'Pierre', 'BARRET', 'lg', NULL),
(3449, 'GUILHEM', 'Jean pierr', 'GUILHEM', 'lg', NULL),
(34595, 'CHARMET', 'Pascale', 'CHARMET', 'lg', NULL),
(34633, 'CHARNAY', 'Philippe', 'CHARNAY', 'lg', NULL),
(3472, 'MAUREL', 'Gilbert', 'MAUREL', 'lg', NULL),
(35046, 'COSTES', 'J philippe', 'COSTES', 'lg', NULL),
(35115, 'MOLINATTI', 'Gregoire', 'MOLINATTI', 'lg', NULL),
(35609, 'MICHEL', 'Sylvie', 'MICHEL', 'lg', NULL),
(35648, 'JACQUES', 'Didier', 'JACQUES', 'lep', NULL),
(35948, 'TIMM SOLEILHAVOUP', 'Genevieve', 'SOLEILHAVOUP', 'lg', NULL),
(36490, 'GOGOL', 'Nicolas', 'GOGOL', 'lep', NULL),
(37480, 'CHARLEAU', 'Benoit', 'CHARLEAU', 'lep', NULL),
(37664, 'MARCHE', 'Laurent', 'MARCHE', 'lg', NULL),
(37694, 'PISTONO', 'Michel', 'PISTONO', 'lg', NULL),
(37829, 'VICARI', 'Bruno', 'VICARI', 'lg', NULL),
(3803, 'JEAN', 'Michel', 'JEAN', 'lg', NULL),
(38130, 'GAMET', 'Elizabeth', 'GAMET', 'lg', NULL),
(38303, 'THOLOZAN', 'Yann', 'THOLOZAN', 'lg', NULL),
(38424, 'VINCENT', 'Marie fran', 'VINCENT', 'lg', NULL),
(38764, 'RABAH', 'Belkacem', 'RABAH', 'lep', NULL),
(3933, 'PANETTA', 'Francesco', 'PANETTA', 'lg', NULL),
(4029, 'NAHMIYAZ', 'Herve', 'NAHMIYAZ', 'lg', NULL),
(41078, 'MALBRANCHE', 'Estelle', 'MALBRANCHE', 'lg', NULL),
(41082, 'MASSIANI', 'Margaret', 'MILLS', 'lg', NULL),
(41181, 'BRAEMS', 'Nicolas', 'BRAEMS', 'lg', NULL),
(41206, 'RICHARD', 'Claude jac', 'RICHARD', 'lg', NULL),
(41234, 'GIOVANNANGELI', 'Liliane', 'TRAMONI', 'lg', NULL),
(41254, 'COLLOC H', 'Michel', 'COLLOC H', 'lg', NULL),
(41436, 'COLOMBE', 'Laetitia', 'ASCENCI', 'lg', NULL),
(41581, 'MONJOU', 'Anne', 'DE CARMANTRAND', 'lep', NULL),
(4159, 'HENNEBERT', 'Francois', 'HENNEBERT', 'lg', NULL),
(41593, 'CHEMIN', 'Christian', 'CHEMIN', 'lep', NULL),
(42049, 'VILAIN', 'Yannick daniel', 'VILAIN', 'lg', NULL),
(43479, 'CASTRO', 'Natali', 'CASTRO', 'lg', NULL),
(4373, 'PESTY', 'Jean pierr', 'PESTY', 'lg', NULL),
(4377, 'DIETLIN', 'Pierre', 'DIETLIN', 'lg', NULL),
(4414, 'TIEBOIS', 'Michel', 'TIEBOIS', 'lg', NULL),
(4425, 'NOLOT', 'Gilles', 'NOLOT', 'lg', NULL),
(44361, 'OUAZINE', 'Pascal', 'OUAZINE', 'lg', NULL),
(44365, 'PAPAZIAN', 'Jean-charles', 'PAPAZIAN', 'lep', NULL),
(4453, 'CHIGE', 'Jean louis', 'CHIGE', 'lg', NULL),
(44540, 'BOURGEOIS', 'Marc', 'BOURGEOIS', 'lep', NULL),
(44608, 'ACHARD', 'Michel', 'ACHARD', 'lg', NULL),
(44609, 'GUYON', 'Bruno', 'GUYON', 'lg', NULL),
(44961, 'CAMOIN', 'Anna', 'NICOLAS', 'lep', NULL),
(45026, 'FILLY', 'Magali juliette', 'FILLY', 'lep', NULL),
(45204, 'DRACHSLER', 'Veronique', 'DRACHSLER', 'lg', NULL),
(45452, 'TSCHUDY', 'Cecile', 'CART', 'lg', NULL),
(45604, 'CASTEL', 'Stephane', 'CASTEL', 'lep', NULL),
(4571, 'LOCUBICHE', 'Christophe', 'LOCUBICHE', 'lg', NULL),
(4679, 'BENTZ', 'Bernard', 'BENTZ', 'lg', NULL),
(47722, 'JOLY', 'Jean luc', 'JOLY', 'lg', NULL),
(47728, 'BORRELLY', 'Cyril', 'BORRELLY', 'lg', NULL),
(47828, 'FONTA', 'Corinne', 'FONTA', 'lg', NULL),
(48010, 'GLINEUR', 'Jean marc', 'GLINEUR', 'lg', NULL),
(4802, 'SERRES', 'Jean claud', 'SERRES', 'lg', NULL),
(4817, 'MESTRIES', 'Jean claud', 'MESTRIES', 'lg', NULL),
(4826, 'PLAS', 'Jacques', 'PLAS', 'lep', NULL),
(4830, 'MARTIGNE', 'Georges', 'MARTIGNE', 'lg', NULL),
(4851, 'MARROU', 'Jean miche', 'MARROU', 'lg', NULL),
(48713, 'FUCHS', 'Emmanuelle', 'FUCHS', 'lg', NULL),
(49161, 'FAILLAT', 'Cyril', 'FAILLAT', 'lep', NULL),
(4917, 'BOUTIER', 'Georges', 'BOUTIER', 'lg', NULL),
(49877, 'BERTONE', 'Cedric', 'BERTONE', 'lg', NULL),
(4996, 'VIDAL', 'Michel', 'VIDAL', 'lg', NULL),
(4997, 'CELERIER', 'Marc', 'CELERIER', 'lg', NULL),
(5016, 'RIVAT', 'Daniel', 'RIVAT', 'lep', NULL),
(51272, 'DONNET', 'Sylvie', 'AUDOYE', 'lg', NULL),
(5143, 'MATHIEU', 'Rene', 'MATHIEU', 'lep', NULL),
(51568, 'ROUSSEAU', 'Patrick', 'ROUSSEAU', 'lg', NULL),
(5201, 'ANEZO', 'Dominique', 'ANEZO', 'lg', NULL),
(5205, 'JOURET', 'Helen raou', 'JOURET', 'lg', NULL),
(52166, 'ROUX', 'Isabelle', 'ROUX', 'lep', NULL),
(5256, 'LEMBO', 'Gerard', 'LEMBO', 'lg', NULL),
(5321, 'BROUET', 'Guy', 'BROUET', 'lg', NULL),
(5340, 'DURAND', 'Marc', 'DURAND', 'lg', NULL),
(5450, 'MICHEL', 'Jean', 'MICHEL', 'lg', NULL),
(5489, 'RACON', 'Jean', 'RACON', 'lg', NULL),
(54941, 'DEVILLARD', 'Christine', 'LEMACON', 'lep', NULL),
(54983, 'PISANI', 'Hugo pierre', 'PISANI', 'lep', NULL),
(55116, 'ALBISSER', 'Marie yvette', 'ALBISSER', 'lg', NULL),
(55415, 'DUPIN', 'Severine', 'DUPIN', 'lg', NULL),
(55982, 'REYNAUD', 'Olivier jean ja', 'REYNAUD', 'lg', NULL),
(5607, 'SIROT', 'Dominique', 'SIROT', 'lep', NULL),
(5634, 'BONNAFOUX', 'Alain', 'BONNAFOUX', 'lep', NULL),
(5653, 'ALCARAZ', 'Alain', 'ALCARAZ', 'lep', NULL),
(56586, 'PY BALIBAR', 'Isabelle', 'PY', 'lg', NULL),
(56949, 'SOLIVERI', 'Jore roch', 'SOLIVERI', 'lep', NULL),
(5701, 'GERVASONI', 'Jacques', 'GERVASONI', 'lg', NULL),
(5704, 'SZUBAN', 'Christian', 'SZUBAN', 'lep', NULL),
(5729, 'NERKOWSKI', 'Edwin', 'NERKOWSKI', 'lg', NULL),
(5790, 'NICOL', 'Patrick', 'NICOL', 'lep', NULL),
(5810, 'GALLOIS', 'Alain', 'GALLOIS', 'lg', NULL),
(5878, 'RECOUS', 'Jacques', 'RECOUS', 'lep', NULL),
(5902, 'HIVERNAT', 'Regis', 'HIVERNAT', 'lg', NULL),
(5920, 'DUTERQUE', 'Michel', 'DUTERQUE', 'lg', NULL),
(5927, 'DUPONT', 'Bertrand', 'DUPONT', 'lg', NULL),
(5929, 'PLEUVERAUX', 'Francois', 'PLEUVERAUX', 'lg', NULL),
(5930, 'RAMPONI', 'Michel', 'RAMPONI', 'lg', NULL),
(59352, 'GHANMI', 'Abdesselem', 'GHANMI', 'lep', NULL),
(59389, 'DARTOIS', 'Jerome', 'DARTOIS', 'lep', NULL),
(59467, 'RANC', 'Jean phili', 'RANC', 'lep', NULL),
(59845, 'DUBOURDIEU', 'Roland', 'DUBOURDIEU', 'lg', NULL),
(60009, 'CONVARD', 'Lucie', 'CONVARD', 'lg', NULL),
(61031, 'NOEMIE', 'Sabrina', 'NOEMIE', 'lg', NULL),
(61094, 'MINNE', 'Mathilde adrien', 'MINNE', 'lg', NULL),
(6124, 'DELPRAT', 'Regis', 'DELPRAT', 'lg', NULL),
(61260, 'KUNSTLER', 'Raphael', 'KUNSTLER', 'lg', NULL),
(61262, 'PEREZ', 'Annelise', 'PEREZ', 'lg', NULL),
(61271, 'PASCAIL', 'Aude', 'PASCAIL', 'lg', NULL),
(61276, 'BERNARD', 'Florence lilian', 'BERNARD', 'lg', NULL),
(61359, 'DAUMAS', 'Audrey annie do', 'DAUMAS', 'lg', NULL),
(61380, 'SCOTTO DI PERTA', 'Philippe julien', 'SCOTTO DI PERTA', 'lg', NULL),
(61389, 'BOIN', 'Mathias sebasti', 'BOIN', 'lep', NULL),
(61394, 'SANTUCCI', 'Stephanie natha', 'SANTUCCI', 'lep', NULL),
(61422, 'JEGHI', 'Radouane', 'JEGHI', 'lep', NULL),
(61424, 'SAUDADIER', 'Alain', 'SAUDADIER', 'lep', NULL),
(6201, 'NOUGUE', 'Jean paul', 'NOUGUE', 'lg', NULL),
(6246, 'TRICHE', 'Yves', 'TRICHE', 'lg', NULL),
(6302, 'LAUZIER', 'Michel', 'LAUZIER', 'lg', NULL),
(6348, 'TESTUCCI', 'Christian', 'TESTUCCI', 'lg', NULL),
(6367, 'SZNAPER', 'Pierre', 'SZNAPER', 'lep', NULL),
(6439, 'PES', 'Philippe', 'PES', 'lg', NULL),
(6485, 'VOVANTAO', 'Bernard', 'VOVANTAO', 'lg', NULL),
(6490, 'GIORDANO', 'Christian', 'GIORDANO', 'lep', NULL),
(6564, 'CAMOIN', 'Yves', 'CAMOIN', 'lg', NULL),
(6725, 'LANGOT', 'Francis', 'LANGOT', 'lg', NULL),
(6761, 'LEVRAUX', 'Jean franc', 'LEVRAUX', 'lg', NULL),
(6766, 'DAUTHEUIL', 'Dominique', 'DAUTHEUIL', 'lg', NULL),
(6777, 'KHEIRBECK', 'Najib', 'KHEIRBECK', 'lg', NULL),
(6883, 'ROLLAND', 'Thierry', 'ROLLAND', 'lg', NULL);

-- --------------------------------------------------------

--
-- Structure de la table `suivre_formation`
--

CREATE TABLE IF NOT EXISTS `suivre_formation` (
  `id_formation` int(11) NOT NULL,
  `id_participant` int(10) unsigned NOT NULL,
  `groupe` smallint(6) DEFAULT '0',
  PRIMARY KEY (`id_formation`,`id_participant`),
  KEY `id_participant` (`id_participant`)
) ENGINE=MyISAM DEFAULT CHARSET=utf8mb4;

--
-- Contenu de la table `suivre_formation`
--

INSERT INTO `suivre_formation` (`id_formation`, `id_participant`, `groupe`) VALUES
(23, 12170, 1),
(23, 12337, 1),
(23, 13073, 1),
(23, 13516, 1),
(23, 13677, 1),
(23, 13972, 1),
(23, 14186, 1),
(23, 14487, 1),
(23, 14780, 1),
(23, 14899, 2),
(23, 14918, 2),
(23, 15118, 2),
(23, 15763, 2),
(23, 18575, 1),
(23, 19362, 2),
(23, 21435, 2),
(23, 23248, 2),
(23, 29239, 2),
(23, 3803, 2),
(23, 38424, 2),
(23, 41206, 2),
(23, 4453, 2),
(23, 44961, 1),
(24, 12337, 1),
(24, 13073, 1),
(24, 13677, 1),
(24, 14186, 2),
(24, 14487, 1),
(24, 14780, 1),
(24, 14899, 1),
(24, 14918, 1),
(24, 15118, 2),
(24, 15763, 2),
(24, 18575, 1),
(24, 19362, 2),
(24, 23248, 2),
(24, 29239, 2),
(24, 29428, 2),
(24, 3803, 2),
(24, 41206, 2),
(24, 4453, 2),
(24, 44961, 1),
(25, 12170, 1),
(25, 12337, 1),
(25, 13073, 1),
(25, 13150, 1),
(25, 13516, 1),
(25, 13677, 1),
(25, 14186, 1),
(25, 14487, 1),
(25, 14780, 1),
(25, 14899, 1),
(25, 14918, 1),
(25, 15300, 1),
(25, 15763, 2),
(25, 18575, 1),
(25, 19362, 2),
(25, 21435, 2),
(25, 23248, 1),
(25, 27053, 2),
(25, 29239, 2),
(25, 3803, 2),
(25, 38424, 2),
(25, 41181, 2),
(25, 41206, 2),
(25, 4453, 2),
(25, 44608, 2),
(25, 44961, 1),
(25, 6564, 2),
(25, 6725, 2),
(26, 10600, 1),
(26, 12456, 1),
(26, 13073, 1),
(26, 13150, 1),
(26, 13516, 1),
(26, 13677, 1),
(26, 14186, 1),
(26, 14487, 1),
(26, 14899, 1),
(26, 14918, 1),
(26, 15118, 1),
(26, 19362, 1),
(26, 21435, 2),
(26, 23248, 2),
(26, 27053, 2),
(26, 29239, 2),
(26, 29428, 2),
(26, 3803, 2),
(26, 38424, 2),
(26, 41078, 2),
(26, 41181, 2),
(26, 41206, 2),
(26, 4453, 2),
(26, 44961, 1),
(26, 6564, 2),
(26, 6725, 2),
(27, 12456, 1),
(27, 13972, 1),
(27, 14187, 1),
(27, 14879, 1),
(27, 18575, 1),
(27, 21699, 1),
(27, 24954, 1),
(27, 25537, 1),
(27, 26991, 1),
(27, 27057, 1),
(27, 27210, 1),
(27, 28895, 1),
(27, 29239, 2),
(27, 3449, 2),
(27, 3472, 2),
(27, 35948, 2),
(27, 37694, 2),
(27, 41078, 2),
(27, 41082, 2),
(27, 41181, 2),
(27, 45204, 2),
(27, 47828, 2),
(27, 4830, 2),
(27, 6761, 2),
(28, 14001, 0),
(28, 14187, 0),
(28, 14879, 0),
(28, 15300, 0),
(28, 20467, 0),
(28, 21435, 0),
(28, 25163, 0),
(28, 25264, 0),
(28, 26991, 0),
(28, 27057, 0),
(28, 29239, 0),
(28, 3472, 0),
(28, 35948, 0),
(28, 41078, 0),
(28, 41082, 0),
(28, 41181, 0),
(28, 45204, 0),
(28, 4851, 0),
(28, 54941, 0),
(28, 6761, 0),
(30, 12456, 1),
(30, 14879, 1),
(30, 15253, 1),
(30, 24457, 2),
(30, 24954, 1),
(30, 25264, 1),
(30, 25537, 1),
(30, 26991, 2),
(30, 27053, 1),
(30, 27210, 1),
(30, 29239, 2),
(30, 34633, 2),
(30, 37694, 2),
(30, 45204, 2),
(30, 47828, 2),
(30, 4851, 2),
(30, 6201, 2),
(30, 6761, 2),
(31, 10600, 1),
(31, 14001, 1),
(31, 15419, 1),
(31, 19064, 1),
(31, 19268, 1),
(31, 20467, 1),
(31, 21699, 1),
(31, 25163, 1),
(31, 25537, 1),
(31, 27053, 1),
(31, 27057, 1),
(31, 27210, 2),
(31, 27615, 2),
(31, 28053, 1),
(31, 28895, 1),
(31, 29239, 2),
(31, 29428, 2),
(31, 3449, 2),
(31, 34633, 2),
(31, 35948, 2),
(31, 3933, 2),
(31, 41078, 0),
(31, 41082, 2),
(31, 41181, 2),
(31, 45204, 2),
(31, 4826, 1),
(31, 4830, 2),
(31, 54941, 1),
(31, 5701, 2),
(31, 6201, 2),
(31, 6777, 2),
(32, 14001, 1),
(32, 14879, 1),
(32, 15253, 1),
(32, 15419, 1),
(32, 19064, 1),
(32, 19268, 1),
(32, 20467, 1),
(32, 25163, 1),
(32, 27053, 1),
(32, 27210, 1),
(32, 27615, 2),
(32, 28053, 1),
(32, 28895, 1),
(32, 29239, 2),
(32, 34633, 2),
(32, 35948, 2),
(32, 3933, 2),
(32, 41078, 0),
(32, 41082, 2),
(32, 41181, 2),
(32, 45204, 2),
(32, 45452, 2),
(32, 4826, 1),
(32, 4830, 2),
(32, 54941, 1),
(32, 5701, 2),
(32, 5930, 2),
(32, 6201, 2),
(32, 6777, 2),
(33, 27615, 1),
(33, 45204, 1),
(33, 5607, 1),
(34, 14879, 1),
(34, 18142, 1),
(34, 23400, 1),
(34, 23975, 1),
(34, 24210, 1),
(34, 24457, 1),
(34, 24954, 1),
(34, 25163, 1),
(34, 25378, 1),
(34, 26330, 1),
(34, 27110, 1),
(34, 27615, 1),
(34, 32884, 1),
(34, 34633, 2),
(34, 3933, 2),
(34, 41181, 2),
(34, 4414, 2),
(34, 45026, 1),
(34, 45452, 2),
(34, 47728, 2),
(34, 48010, 2),
(34, 4802, 2),
(34, 4997, 2),
(34, 5256, 2),
(34, 6201, 2),
(34, 6246, 2),
(34, 6761, 2),
(34, 6777, 2),
(35, 34633, 1),
(35, 35648, 1),
(35, 3933, 1),
(35, 41181, 1),
(35, 42049, 1),
(35, 44608, 1),
(35, 45026, 1),
(35, 48010, 1),
(35, 49161, 1),
(35, 5256, 1),
(35, 5920, 1),
(35, 6201, 1),
(35, 6302, 1),
(37, 23975, 1),
(37, 24210, 1),
(37, 24954, 1),
(37, 27110, 1),
(37, 32884, 1),
(37, 34633, 1),
(37, 37694, 1),
(37, 41181, 1),
(37, 4159, 1),
(37, 4414, 1),
(37, 45026, 1),
(37, 47728, 2),
(37, 48010, 2),
(37, 4802, 2),
(37, 49161, 1),
(37, 4997, 2),
(37, 5701, 2),
(37, 5902, 2),
(37, 5920, 2),
(37, 6201, 2),
(37, 6246, 2),
(37, 6302, 2),
(37, 6777, 2),
(39, 14879, 1),
(39, 23975, 1),
(39, 24210, 1),
(39, 24954, 1),
(39, 25163, 1),
(39, 25378, 1),
(39, 27110, 1),
(39, 27615, 1),
(39, 29060, 1),
(39, 29643, 1),
(39, 32884, 1),
(39, 34633, 1),
(39, 37694, 1),
(39, 41078, 2),
(39, 41181, 2),
(39, 4414, 2),
(39, 47728, 2),
(39, 4802, 2),
(39, 49161, 2),
(39, 4997, 2),
(39, 5256, 2),
(39, 5607, 2),
(39, 5701, 2),
(39, 5902, 2),
(39, 6302, 2),
(39, 6777, 2),
(40, 14879, 1),
(40, 23400, 1),
(40, 23975, 1),
(40, 24210, 1),
(40, 25163, 1),
(40, 25378, 1),
(40, 29060, 1),
(40, 29557, 2),
(40, 32884, 1),
(40, 34633, 1),
(40, 41181, 1),
(40, 42049, 1),
(40, 45452, 2),
(40, 47722, 1),
(40, 4996, 2),
(40, 4997, 2),
(40, 5321, 2),
(40, 5607, 2),
(40, 5902, 2),
(40, 6246, 2),
(40, 6302, 2),
(40, 6777, 2),
(41, 14879, 1),
(41, 23975, 1),
(41, 25163, 1),
(41, 25378, 1),
(41, 27110, 1),
(41, 29060, 1),
(41, 32884, 1),
(41, 34633, 1),
(41, 41181, 1),
(41, 42049, 1),
(41, 4414, 2),
(41, 47728, 2),
(41, 4802, 2),
(41, 4996, 2),
(41, 4997, 2),
(41, 5256, 2),
(41, 5607, 2),
(41, 5701, 2),
(41, 5902, 2),
(41, 5920, 2),
(41, 6302, 2),
(41, 6777, 2),
(42, 12170, 1),
(42, 12337, 1),
(42, 13073, 1),
(42, 13150, 1),
(42, 13516, 1),
(42, 13677, 1),
(42, 14186, 1),
(42, 14487, 1),
(42, 14780, 1),
(42, 14899, 1),
(42, 14918, 2),
(42, 15118, 2),
(42, 15763, 2),
(42, 18575, 1),
(42, 19362, 2),
(42, 23248, 2),
(42, 29239, 2),
(42, 38424, 2),
(42, 41206, 2),
(42, 4453, 2),
(42, 44961, 1),
(42, 6564, 2),
(42, 6725, 2);

/*!40101 SET CHARACTER_SET_CLIENT=@OLD_CHARACTER_SET_CLIENT */;
/*!40101 SET CHARACTER_SET_RESULTS=@OLD_CHARACTER_SET_RESULTS */;
/*!40101 SET COLLATION_CONNECTION=@OLD_COLLATION_CONNECTION */;
